E,T
7.1112e-06,0
6.40008e-05,1.57425e+14
0.00017778,1.71163e+14
0.000348449,1.90092e+14
0.000576007,2.11186e+14
0.000860456,2.31411e+14
0.00120179,2.61736e+14
0.00160002,2.96538e+14
0.00205514,3.38045e+14
0.00256714,3.8772e+14
0.00313604,4.50356e+14
0.00376183,5.2793e+14
0.0044445,6.10766e+14
0.00518407,7.12632e+14
0.00598052,8.26357e+14
0.00683387,9.43314e+14
0.0077441,1.05964e+15
0.00871122,1.1236e+15
0.00973524,1.16537e+15
0.0108161,1.09768e+15
0.0119539,1.03841e+15
0.0131486,9.26128e+14
0.0144002,7.89952e+14
0.0157086,6.94252e+14
0.017074,5.95393e+14
0.0184962,5.14805e+14
0.0199754,4.40101e+14
0.0215114,3.86794e+14
0.0231043,3.40254e+14
0.0247541,3.02021e+14
0.0264608,2.69264e+14
0.0282244,2.40158e+14
0.0300448,2.20171e+14
0.0319222,2.00034e+14
0.0338564,1.84078e+14
0.0358476,1.69718e+14
0.0378956,1.58573e+14
0.0400005,1.49208e+14
0.0421623,1.39232e+14
0.044381,1.32743e+14
0.0466566,1.2576e+14
0.0489891,1.21038e+14
0.0513784,1.15994e+14
0.0538247,1.11632e+14
0.0563278,1.0778e+14
0.0588879,1.04228e+14
0.0615048,1.02553e+14
0.0641786,1.00544e+14
0.0669093,9.85723e+13
0.0696969,9.69611e+13
0.0725414,9.64016e+13
0.0754428,9.68401e+13
0.078401,9.58153e+13
0.0814162,9.61571e+13
0.0844882,9.67918e+13
0.0876171,9.72003e+13
0.0908029,9.69251e+13
0.0940457,9.92811e+13
0.0973453,1.00838e+14
0.100702,1.03061e+14
0.104115,1.06818e+14
0.107585,1.08435e+14
0.111113,1.11984e+14
0.114697,1.14854e+14
0.118338,1.18546e+14
0.122035,1.24347e+14
0.12579,1.28482e+14
0.129602,1.35152e+14
0.13347,1.4063e+14
0.137396,1.47502e+14
0.141378,1.55448e+14
0.145417,1.64791e+14
0.149513,1.73638e+14
0.153666,1.82085e+14
0.157876,1.94358e+14
0.162143,2.10273e+14
0.166466,2.21072e+14
0.170847,2.25603e+14
0.175284,2.44658e+14
0.179778,2.54561e+14
0.184329,2.59563e+14
0.188938,2.73342e+14
0.193602,2.87081e+14
0.198324,2.8661e+14
0.203103,2.83981e+14
0.207939,2.88242e+14
0.212831,2.83059e+14
0.217781,2.8348e+14
0.222787,2.66905e+14
0.22785,2.59923e+14
0.23297,2.51915e+14
0.238147,2.36111e+14
0.243381,2.15424e+14
0.248672,2.03381e+14
0.254019,1.86736e+14
0.259424,1.74319e+14
0.264885,1.59539e+14
0.270403,1.46837e+14
0.275979,1.35687e+14
0.281611,1.24556e+14
0.2873,1.14588e+14
0.293046,1.06024e+14
0.298848,9.95917e+13
0.304708,9.26726e+13
0.310624,8.5134e+13
0.316598,7.99073e+13
0.322628,7.53947e+13
0.328715,7.00419e+13
0.334859,6.56806e+13
0.34106,6.26886e+13
0.347318,5.86323e+13
0.353633,5.5224e+13
0.360005,5.24115e+13
0.366433,5.02426e+13
0.372919,4.81641e+13
0.379461,4.53934e+13
0.38606,4.38084e+13
0.392716,4.22424e+13
0.399429,4.04828e+13
0.406199,3.90906e+13
0.413026,3.80794e+13
0.419909,3.67e+13
0.42685,3.56211e+13
0.433847,3.48114e+13
0.440902,3.38901e+13
0.448013,3.31808e+13
0.455181,3.26758e+13
0.462406,3.20954e+13
0.469688,3.17057e+13
0.477027,3.12857e+13
0.484422,3.08177e+13
0.491875,3.07414e+13
0.499384,3.05712e+13
0.506951,3.04076e+13
0.514574,3.04842e+13
0.522254,3.06787e+13
0.529991,3.06228e+13
0.537785,3.08182e+13
0.545635,3.09528e+13
0.553543,3.13157e+13
0.561508,3.16795e+13
0.569529,3.22123e+13
0.577607,3.27807e+13
0.585743,3.33981e+13
0.593935,3.43281e+13
0.602184,3.50948e+13
0.61049,3.6123e+13
0.618852,3.70138e+13
0.627272,3.82104e+13
0.635749,3.96876e+13
0.644282,4.0855e+13
0.652872,4.26958e+13
0.66152,4.43428e+13
0.670224,4.65474e+13
0.678985,4.86358e+13
0.687803,5.09987e+13
0.696677,5.39177e+13
0.705609,5.67473e+13
0.714598,5.98868e+13
0.723643,6.39523e+13
0.732745,6.73243e+13
0.741905,7.22307e+13
0.751121,7.71729e+13
0.760394,8.20178e+13
0.769724,8.83778e+13
0.77911,9.53464e+13
0.788554,1.03343e+14
0.798055,1.11235e+14
0.807612,1.19665e+14
0.817227,1.29439e+14
0.826898,1.41152e+14
0.836626,1.52583e+14
0.846411,1.65199e+14
0.856253,1.80854e+14
0.866152,1.94095e+14
0.876107,2.11586e+14
0.88612,2.27847e+14
0.896189,2.45984e+14
0.906316,2.63801e+14
0.916499,2.77105e+14
0.926739,2.89469e+14
0.937036,3.0313e+14
0.94739,3.13707e+14
0.957801,3.23045e+14
0.968268,3.27957e+14
0.978793,3.32699e+14
0.989375,3.3349e+14
1.00001,3.23135e+14
1.01071,3.14666e+14
1.02146,3.09758e+14
1.03227,2.95818e+14
1.04314,2.87217e+14
1.05406,2.75915e+14
1.06504,2.63867e+14
1.07607,2.51069e+14
1.08717,2.34692e+14
1.09832,2.26957e+14
1.10953,2.18065e+14
1.12079,2.07637e+14
1.13211,1.96922e+14
1.14349,1.88061e+14
1.15492,1.81413e+14
1.16642,1.71885e+14
1.17796,1.6461e+14
1.18957,1.57424e+14
1.20123,1.52329e+14
1.21295,1.45282e+14
1.22473,1.39837e+14
1.23656,1.34409e+14
1.24845,1.30141e+14
1.2604,1.25432e+14
1.2724,1.21504e+14
1.28446,1.16728e+14
1.29658,1.1268e+14
1.30875,1.09712e+14
1.32098,1.07077e+14
1.33327,1.05358e+14
1.34562,1.01354e+14
1.35802,9.88482e+13
1.37048,9.60302e+13
1.38299,9.44896e+13
1.39557,9.17376e+13
1.4082,9.01388e+13
1.42088,8.82178e+13
1.43363,8.60304e+13
1.44643,8.50265e+13
1.45928,8.33394e+13
1.4722,8.15707e+13
1.48517,8.04299e+13
1.4982,7.86578e+13
1.51128,7.81929e+13
1.52442,7.65874e+13
1.53762,7.5338e+13
1.55088,7.41329e+13
1.56419,7.32464e+13
1.57756,7.27062e+13
1.59098,7.1127e+13
1.60447,7.04585e+13
1.618,7.0072e+13
1.6316,6.94072e+13
1.64525,6.84254e+13
1.65897,6.75836e+13
1.67273,6.71116e+13
1.68656,6.62964e+13
1.70044,6.5943e+13
1.71438,6.47215e+13
1.72837,6.43822e+13
1.74242,6.411e+13
1.75653,6.33556e+13
1.7707,6.31762e+13
1.78492,6.2314e+13
1.7992,6.1213e+13
1.81353,6.08926e+13
1.82793,6.028e+13
1.84238,5.96314e+13
1.85688,5.92667e+13
1.87145,5.82454e+13
1.88607,5.79003e+13
1.90075,5.72702e+13
1.91548,5.66353e+13
1.93027,5.56494e+13
1.94512,5.51108e+13
1.96003,5.42776e+13
1.97499,5.3479e+13
1.99001,5.24213e+13
2.00508,5.19113e+13
2.02021,5.10195e+13
2.0354,5.04639e+13
2.05065,4.93414e+13
2.06595,4.87025e+13
2.08131,4.76804e+13
2.09673,4.7012e+13
2.11221,4.59563e+13
2.12774,4.51692e+13
2.14332,4.42441e+13
2.15897,4.34607e+13
2.17467,4.22229e+13
2.19043,4.10796e+13
2.20624,4.03711e+13
2.22212,3.9435e+13
2.23804,3.84626e+13
2.25403,3.75882e+13
2.27007,3.65417e+13
2.28617,3.56297e+13
2.30233,3.48429e+13
2.31854,3.40113e+13
2.33481,3.29961e+13
2.35114,3.23916e+13
2.36753,3.14059e+13
2.38397,3.06152e+13
2.40046,2.97753e+13
2.41702,2.90117e+13
2.43363,2.81642e+13
2.4503,2.73151e+13
2.46703,2.68147e+13
2.48381,2.61802e+13
2.50065,2.54612e+13
2.51754,2.47663e+13
2.5345,2.41309e+13
2.55151,2.36468e+13
2.56857,2.29533e+13
2.5857,2.24409e+13
2.60288,2.19694e+13
2.62012,2.13771e+13
2.63741,2.09948e+13
2.65476,2.04378e+13
2.67217,2.01249e+13
2.68963,1.97192e+13
2.70716,1.92933e+13
2.72474,1.9067e+13
2.74237,1.87585e+13
2.76006,1.83548e+13
2.77781,1.81186e+13
2.79562,1.77584e+13
2.81348,1.76251e+13
2.8314,1.7324e+13
2.84938,1.71473e+13
2.86741,1.70188e+13
2.88551,1.68439e+13
2.90365,1.65911e+13
2.92186,1.65691e+13
2.94012,1.64954e+13
2.95844,1.63898e+13
2.97681,1.62836e+13
2.99525,1.62621e+13
3.01373,1.62546e+13
3.03228,1.60997e+13
3.05088,1.61675e+13
3.06954,1.61092e+13
3.08826,1.61259e+13
3.10703,1.61002e+13
3.12586,1.63237e+13
3.14475,1.63175e+13
3.1637,1.64611e+13
3.1827,1.64465e+13
3.20176,1.66466e+13
3.22087,1.69045e+13
3.24004,1.70657e+13
3.25927,1.71019e+13
3.27856,1.74508e+13
3.2979,1.73856e+13
3.3173,1.74976e+13
3.33675,1.77708e+13
3.35627,1.80752e+13
3.37584,1.81603e+13
3.39546,1.83976e+13
3.41515,1.86263e+13
3.43489,1.86458e+13
3.45469,1.89116e+13
3.47454,1.93547e+13
3.49445,1.93142e+13
3.51442,1.94566e+13
3.53445,1.96605e+13
3.55453,1.99579e+13
3.57467,2.01253e+13
3.59486,2.02201e+13
3.61512,2.04565e+13
3.63542,2.06594e+13
3.65579,2.06611e+13
3.67621,2.07932e+13
3.69669,2.103e+13
3.71723,2.11118e+13
3.73783,2.11347e+13
3.75848,2.13017e+13
3.77918,2.14351e+13
3.79995,2.14298e+13
3.82077,2.16097e+13
3.84165,2.16622e+13
3.86258,2.18916e+13
3.88358,2.18469e+13
3.90463,2.18592e+13
3.92573,2.20871e+13
3.9469,2.20446e+13
3.96812,2.24256e+13
3.98939,2.23871e+13
4.01073,2.25691e+13
4.03212,2.27236e+13
4.05356,2.29653e+13
4.07507,2.32768e+13
4.09663,2.34291e+13
4.11825,2.38988e+13
4.13992,2.42345e+13
4.16165,2.45119e+13
4.18344,2.49321e+13
4.20529,2.54118e+13
4.22719,2.59858e+13
4.24915,2.66272e+13
4.27117,2.72895e+13
4.29324,2.81703e+13
4.31537,2.89334e+13
4.33756,2.96453e+13
4.3598,3.08041e+13
4.3821,3.19889e+13
4.40446,3.32736e+13
4.42687,3.47982e+13
4.44934,3.63479e+13
4.47187,3.84201e+13
4.49446,4.03665e+13
4.5171,4.24207e+13
4.5398,4.51992e+13
4.56255,4.83376e+13
4.58537,5.17045e+13
4.60824,5.53562e+13
4.63116,5.99654e+13
4.65415,6.49194e+13
4.67719,7.12669e+13
4.70028,7.77363e+13
4.72344,8.58073e+13
4.74665,9.5405e+13
4.76992,1.0649e+14
4.79324,1.20752e+14
4.81662,1.38968e+14
4.84006,1.60636e+14
4.86356,1.89089e+14
4.88711,2.20355e+14
4.91072,2.69514e+14
4.93439,3.26683e+14
4.95811,4.19342e+14
4.98189,5.2832e+14
5.00572,7.43955e+14
5.02962,1.02033e+15
5.05357,1.59e+15
5.07758,2.5446e+15
5.10164,4.71094e+15
5.12576,9.89138e+15
5.14994,1.52995e+16
5.17418,9.54819e+15
5.19847,4.96544e+15
5.22282,2.67089e+15
5.24722,1.60528e+15
5.27168,1.12783e+15
5.2962,8.03378e+14
5.32078,5.97336e+14
5.34541,4.72233e+14
5.3701,3.78756e+14
5.39485,3.14359e+14
5.41965,2.66409e+14
5.44451,2.25055e+14
5.46943,1.98431e+14
5.49441,1.74872e+14
5.51944,1.53967e+14
5.54453,1.38226e+14
5.56967,1.24271e+14
5.59487,1.13083e+14
5.62013,1.02846e+14
5.64545,9.49002e+13
5.67082,8.90367e+13
5.69625,8.24559e+13
5.72174,7.69447e+13
5.74728,7.20772e+13
5.77288,6.82376e+13
5.79854,6.40025e+13
5.82425,6.06376e+13
5.85002,5.75368e+13
5.87585,5.50929e+13
5.90174,5.30094e+13
5.92768,5.05572e+13
5.95368,4.87039e+13
5.97973,4.64837e+13
6.00584,4.49377e+13
6.03201,4.31557e+13
6.05824,4.19315e+13
6.08452,4.07556e+13
6.11086,3.93027e+13
6.13726,3.80341e+13
6.16371,3.71795e+13
6.19022,3.60685e+13
6.21679,3.5221e+13
6.24342,3.4193e+13
6.2701,3.32414e+13
6.29683,3.26697e+13
6.32363,3.18507e+13
6.35048,3.11994e+13
6.37739,3.05491e+13
6.40436,3.00738e+13
6.43138,2.94123e+13
6.45846,2.87971e+13
6.48559,2.8343e+13
6.51279,2.79731e+13
6.54004,2.75786e+13
6.56735,2.68782e+13
6.59471,2.65413e+13
6.62213,2.61455e+13
6.64961,2.58016e+13
6.67714,2.54136e+13
6.70473,2.51875e+13
6.73238,2.49448e+13
6.76009,2.47125e+13
6.78785,2.45127e+13
6.81567,2.41637e+13
6.84354,2.39028e+13
6.87148,2.38398e+13
6.89947,2.35959e+13
6.92751,2.35276e+13
6.95562,2.33738e+13
6.98378,2.33604e+13
7.01199,2.32038e+13
7.04027,2.32278e+13
7.0686,2.30376e+13
7.09699,2.3103e+13
7.12543,2.31266e+13
7.15393,2.30807e+13
7.18249,2.31344e+13
7.21111,2.32379e+13
7.23978,2.32908e+13
7.26851,2.33691e+13
7.2973,2.35462e+13
7.32614,2.36881e+13
7.35504,2.37692e+13
7.384,2.39857e+13
7.41301,2.41842e+13
7.44208,2.45401e+13
7.47121,2.46157e+13
7.50039,2.50274e+13
7.52963,2.52604e+13
7.55893,2.56056e+13
7.58829,2.59168e+13
7.6177,2.62942e+13
7.64717,2.67287e+13
7.67669,2.7361e+13
7.70628,2.76777e+13
7.73591,2.82093e+13
7.76561,2.86665e+13
7.79536,2.92885e+13
7.82517,2.98741e+13
7.85504,3.05329e+13
7.88497,3.12075e+13
7.91495,3.19717e+13
7.94498,3.25747e+13
7.97508,3.33961e+13
8.00523,3.41342e+13
8.03544,3.5065e+13
8.0657,3.5882e+13
8.09603,3.69049e+13
8.12641,3.77614e+13
8.15684,3.8808e+13
8.18733,3.99333e+13
8.21788,4.099e+13
8.24849,4.2152e+13
8.27915,4.32927e+13
8.30987,4.4622e+13
8.34065,4.57373e+13
8.37149,4.72177e+13
8.40238,4.86469e+13
8.43332,4.96938e+13
8.46433,5.11477e+13
8.49539,5.24322e+13
8.52651,5.37996e+13
8.55769,5.5617e+13
8.58892,5.68517e+13
8.62021,5.84006e+13
8.65155,5.9882e+13
8.68296,6.12408e+13
8.71442,6.23315e+13
8.74593,6.39569e+13
8.77751,6.50877e+13
8.80914,6.57099e+13
8.84083,6.70947e+13
8.87257,6.81914e+13
8.90437,6.88377e+13
8.93623,6.96535e+13
8.96814,7.02346e+13
9.00012,7.14588e+13
9.03214,7.12992e+13
9.06423,7.22147e+13
9.09637,7.12811e+13
9.12857,7.19238e+13
9.16083,7.13612e+13
9.19314,7.06679e+13
9.22551,7.1265e+13
9.25794,7.15092e+13
9.29042,6.93189e+13
9.32296,6.95429e+13
9.35556,6.85605e+13
9.38822,6.70705e+13
9.42093,6.5949e+13
9.4537,6.47499e+13
9.48652,6.35808e+13
9.5194,6.27098e+13
9.55234,6.0864e+13
9.58534,5.98501e+13
9.61839,5.82082e+13
9.6515,5.70861e+13
9.68467,5.5525e+13
9.71789,5.40135e+13
9.75117,5.26775e+13
9.78451,5.15633e+13
9.8179,5.00996e+13
9.85136,4.8853e+13
9.88486,4.75194e+13
9.91843,4.66211e+13
9.95205,4.54404e+13
9.98573,4.40378e+13
10.0195,4.25944e+13
10.0533,4.136e+13
10.0871,4.06539e+13
10.121,3.95415e+13
10.155,3.83144e+13
10.189,3.74983e+13
10.2231,3.62955e+13
10.2572,3.58707e+13
10.2914,3.44808e+13
10.3256,3.3992e+13
10.3599,3.27603e+13
10.3943,3.20807e+13
10.4287,3.1383e+13
10.4632,3.05279e+13
10.4977,2.9824e+13
10.5323,2.91781e+13
10.567,2.83677e+13
10.6017,2.79394e+13
10.6364,2.72687e+13
10.6712,2.66724e+13
10.7061,2.60288e+13
10.7411,2.56256e+13
10.776,2.5011e+13
10.8111,2.4683e+13
10.8462,2.41992e+13
10.8813,2.37811e+13
10.9166,2.33281e+13
10.9518,2.30638e+13
10.9872,2.25747e+13
11.0225,2.21259e+13
11.058,2.19159e+13
11.0935,2.16204e+13
11.129,2.12181e+13
11.1647,2.1098e+13
11.2003,2.08547e+13
11.236,2.07016e+13
11.2718,2.03623e+13
11.3077,2.01756e+13
11.3436,1.99809e+13
11.3795,1.97594e+13
11.4155,1.96622e+13
11.4516,1.95273e+13
11.4877,1.93324e+13
11.5239,1.92122e+13
11.5601,1.90786e+13
11.5964,1.88797e+13
11.6328,1.88777e+13
11.6692,1.8749e+13
11.7057,1.866e+13
11.7422,1.86204e+13
11.7788,1.85243e+13
11.8154,1.84745e+13
11.8521,1.83011e+13
11.8889,1.83262e+13
11.9257,1.82755e+13
11.9625,1.82416e+13
11.9995,1.82109e+13
12.0364,1.81487e+13
12.0735,1.80847e+13
12.1106,1.80619e+13
12.1477,1.80127e+13
12.1849,1.8003e+13
12.2222,1.793e+13
12.2595,1.79517e+13
12.2969,1.79107e+13
12.3343,1.78547e+13
12.3718,1.78527e+13
12.4093,1.78239e+13
12.4469,1.7819e+13
12.4846,1.77297e+13
12.5223,1.77428e+13
12.5601,1.77566e+13
12.5979,1.76893e+13
12.6358,1.77021e+13
12.6738,1.76726e+13
12.7118,1.76645e+13
12.7498,1.76742e+13
12.7879,1.76325e+13
12.8261,1.76435e+13
12.8643,1.76514e+13
12.9026,1.7591e+13
12.941,1.76099e+13
12.9794,1.76681e+13
13.0178,1.76817e+13
13.0563,1.76365e+13
13.0949,1.76152e+13
13.1335,1.76559e+13
13.1722,1.76832e+13
13.211,1.76736e+13
13.2498,1.77208e+13
13.2886,1.77304e+13
13.3275,1.7802e+13
13.3665,1.77996e+13
13.4055,1.78383e+13
13.4446,1.79355e+13
13.4838,1.80116e+13
13.523,1.80881e+13
13.5622,1.8151e+13
13.6015,1.8255e+13
13.6409,1.83569e+13
13.6803,1.85305e+13
13.7198,1.85552e+13
13.7593,1.87186e+13
13.7989,1.89036e+13
13.8386,1.90747e+13
13.8783,1.92048e+13
13.9181,1.94689e+13
13.9579,1.96338e+13
13.9978,1.99168e+13
14.0377,2.01213e+13
14.0777,2.04369e+13
14.1177,2.07119e+13
14.1578,2.09826e+13
14.198,2.13808e+13
14.2382,2.16618e+13
14.2785,2.21053e+13
14.3188,2.23776e+13
14.3592,2.28586e+13
14.3997,2.32381e+13
14.4402,2.38303e+13
14.4807,2.42028e+13
14.5214,2.47462e+13
14.562,2.52508e+13
14.6028,2.58719e+13
14.6436,2.64113e+13
14.6844,2.69424e+13
14.7253,2.7519e+13
14.7663,2.82922e+13
14.8073,2.89897e+13
14.8484,2.95018e+13
14.8895,3.03611e+13
14.9307,3.11813e+13
14.9719,3.18361e+13
15.0132,3.28335e+13
15.0546,3.35962e+13
15.096,3.42743e+13
15.1375,3.52776e+13
15.179,3.61684e+13
15.2206,3.71622e+13
15.2622,3.81908e+13
15.3039,3.91796e+13
15.3457,4.03691e+13
15.3875,4.13944e+13
15.4294,4.26677e+13
15.4713,4.37278e+13
15.5133,4.48638e+13
15.5553,4.64361e+13
15.5974,4.78602e+13
15.6396,4.93605e+13
15.6818,5.09397e+13
15.7241,5.23029e+13
15.7664,5.42439e+13
15.8088,5.62821e+13
15.8512,5.8397e+13
15.8937,6.04237e+13
15.9363,6.28184e+13
15.9789,6.48746e+13
16.0215,6.84708e+13
16.0643,7.05488e+13
16.1071,7.42647e+13
16.1499,7.80834e+13
16.1928,8.12375e+13
16.2357,8.58886e+13
16.2787,9.01655e+13
16.3218,9.55523e+13
16.3649,1.01363e+14
16.4081,1.06938e+14
16.4513,1.15105e+14
16.4946,1.22208e+14
16.538,1.30296e+14
16.5814,1.39867e+14
16.6249,1.50924e+14
16.6684,1.63892e+14
16.712,1.7831e+14
16.7556,1.93511e+14
16.7993,2.12724e+14
16.843,2.3495e+14
16.8868,2.60743e+14
16.9307,2.84665e+14
16.9746,3.18646e+14
17.0186,3.57797e+14
17.0626,4.05719e+14
17.1067,4.56771e+14
17.1509,5.25586e+14
17.1951,6.00493e+14
17.2393,7.07733e+14
17.2836,8.11688e+14
17.328,9.76399e+14
17.3724,1.13726e+15
17.4169,1.41868e+15
17.4615,1.69603e+15
17.5061,2.10851e+15
17.5507,2.58213e+15
17.5955,3.43269e+15
17.6402,4.32342e+15
17.6851,5.56561e+15
17.7299,7.99543e+15
17.7749,1.11099e+16
17.8199,1.39406e+16
17.8649,1.84939e+16
17.9101,2.50036e+16
17.9552,2.4995e+16
18.0005,2.56821e+16
18.0457,2.51822e+16
18.0911,2.00918e+16
18.1365,1.7239e+16
18.1819,1.43445e+16
18.2274,1.23703e+16
18.273,1.20765e+16
18.3186,9.95233e+15
18.3643,9.32451e+15
18.4101,8.44989e+15
18.4559,8.61535e+15
18.5017,8.63939e+15
18.5476,9.58194e+15
18.5936,9.22133e+15
18.6396,9.96933e+15
18.6857,9.36686e+15
18.7318,1.13234e+16
18.778,1.22677e+16
18.8243,1.4423e+16
18.8706,1.5903e+16
18.9169,1.83598e+16
18.9634,2.36141e+16
19.0098,3.54662e+16
19.0564,3.74456e+16
19.103,1.08741e+17
19.1496,1.66905e+17
19.1963,9.53214e+16
19.2431,4.32051e+16
19.2899,2.92358e+16
19.3368,2.5302e+16
19.3837,1.08505e+16
19.4307,8.19861e+15
19.4778,7.05485e+15
19.5249,5.03683e+15
19.572,3.55641e+15
19.6192,2.47851e+15
19.6665,1.8784e+15
19.7139,1.66408e+15
19.7612,1.34117e+15
19.8087,1.17181e+15
19.8562,9.35162e+14
19.9038,7.85462e+14
19.9514,6.90788e+14
19.999,6.0796e+14
20.0468,5.18522e+14
20.0946,4.46269e+14
20.1424,3.74809e+14
20.1903,3.45381e+14
20.2383,2.97126e+14
20.2863,2.66867e+14
20.3343,2.52728e+14
20.3825,2.1795e+14
20.4307,1.93645e+14
20.4789,1.79682e+14
20.5272,1.62305e+14
20.5756,1.54166e+14
20.624,1.39019e+14
20.6724,1.21448e+14
20.721,1.14621e+14
20.7696,1.07013e+14
20.8182,9.86507e+13
20.8669,9.40094e+13
20.9156,8.79086e+13
20.9645,8.09405e+13
21.0133,7.62875e+13
21.0623,7.31452e+13
21.1112,6.80721e+13
21.1603,6.43799e+13
21.2094,6.03009e+13
21.2585,5.69889e+13
21.3077,5.38812e+13
21.357,5.23206e+13
21.4063,4.96577e+13
21.4557,4.7974e+13
21.5051,4.52731e+13
21.5546,4.4288e+13
21.6042,4.1604e+13
21.6538,4.10165e+13
21.7035,3.87381e+13
21.7532,3.88509e+13
21.803,3.69549e+13
21.8528,3.68135e+13
21.9027,3.51858e+13
21.9526,3.48219e+13
22.0026,3.37682e+13
22.0527,3.28117e+13
22.1028,3.24027e+13
22.153,3.18737e+13
22.2032,3.15476e+13
22.2535,3.11319e+13
22.3039,3.09352e+13
22.3543,3.02378e+13
22.4047,3.03888e+13
22.4553,2.97718e+13
22.5058,2.99411e+13
22.5565,2.99056e+13
22.6071,2.93466e+13
22.6579,2.98225e+13
22.7087,2.96173e+13
22.7596,2.98464e+13
22.8105,2.99028e+13
22.8614,3.01854e+13
22.9125,3.02292e+13
22.9636,3.06823e+13
23.0147,3.08044e+13
23.0659,3.13636e+13
23.1172,3.17577e+13
23.1685,3.1862e+13
23.2198,3.24286e+13
23.2713,3.30088e+13
23.3228,3.38067e+13
23.3743,3.42524e+13
23.4259,3.50106e+13
23.4776,3.56801e+13
23.5293,3.67271e+13
23.581,3.73146e+13
23.6329,3.82869e+13
23.6847,3.91104e+13
23.7367,3.99044e+13
23.7887,4.12407e+13
23.8407,4.2147e+13
23.8929,4.34554e+13
23.945,4.48674e+13
23.9972,4.59806e+13
24.0495,4.73255e+13
24.1019,4.89828e+13
24.1543,5.04385e+13
24.2067,5.21771e+13
24.2592,5.33642e+13
24.3118,5.51992e+13
24.3644,5.72171e+13
24.4171,5.89835e+13
24.4698,6.0797e+13
24.5226,6.31073e+13
24.5755,6.50389e+13
24.6284,6.74058e+13
24.6813,6.95012e+13
24.7344,7.17271e+13
24.7874,7.5075e+13
24.8406,7.74527e+13
24.8938,7.97834e+13
24.947,8.24878e+13
25.0003,8.53447e+13
25.0537,8.86743e+13
25.1071,9.12897e+13
25.1606,9.50704e+13
25.2141,9.82065e+13
25.2677,1.01459e+14
25.3214,1.05107e+14
25.3751,1.08211e+14
25.4288,1.12067e+14
25.4826,1.16638e+14
25.5365,1.2064e+14
25.5904,1.23956e+14
25.6444,1.28468e+14
25.6985,1.32585e+14
25.7526,1.36456e+14
25.8067,1.41187e+14
25.8609,1.46554e+14
25.9152,1.50287e+14
25.9696,1.56271e+14
26.0239,1.59613e+14
26.0784,1.65755e+14
26.1329,1.69491e+14
26.1874,1.72756e+14
26.2421,1.78537e+14
26.2967,1.82876e+14
26.3515,1.86131e+14
26.4062,1.89509e+14
26.4611,1.93237e+14
26.516,1.95621e+14
26.5709,2.00581e+14
26.6259,2.03834e+14
26.681,2.0355e+14
26.7361,2.06414e+14
26.7913,2.06257e+14
26.8466,2.04701e+14
26.9019,2.07429e+14
26.9572,2.05972e+14
27.0126,2.03438e+14
27.0681,2.02009e+14
27.1236,1.99349e+14
27.1792,1.96879e+14
27.2348,1.91641e+14
27.2905,1.90437e+14
27.3463,1.84807e+14
27.4021,1.79827e+14
27.458,1.75294e+14
27.5139,1.72709e+14
27.5699,1.65169e+14
27.6259,1.62802e+14
27.682,1.56319e+14
27.7381,1.52866e+14
27.7943,1.50477e+14
27.8506,1.45367e+14
27.9069,1.40417e+14
27.9633,1.35688e+14
28.0197,1.32378e+14
28.0762,1.29971e+14
28.1328,1.24997e+14
28.1894,1.22392e+14
28.246,1.20173e+14
28.3028,1.16369e+14
28.3595,1.12859e+14
28.4164,1.11452e+14
28.4733,1.08897e+14
28.5302,1.0808e+14
28.5872,1.06235e+14
28.6443,1.03837e+14
28.7014,1.03049e+14
28.7586,1.01281e+14
28.8158,1.00431e+14
28.8731,9.97861e+13
28.9304,9.93925e+13
28.9878,9.92613e+13
29.0453,9.84111e+13
29.1028,9.81952e+13
29.1604,9.89122e+13
29.218,9.92161e+13
29.2757,9.9335e+13
29.3334,1.00964e+14
29.3912,1.01275e+14
29.4491,1.02346e+14
29.507,1.04493e+14
29.565,1.05273e+14
29.623,1.08028e+14
29.6811,1.0994e+14
29.7392,1.1199e+14
29.7974,1.15136e+14
29.8557,1.17903e+14
29.914,1.22506e+14
29.9724,1.25048e+14
30.0308,1.30283e+14
30.0893,1.34329e+14
30.1478,1.39728e+14
30.2064,1.45249e+14
30.2651,1.51581e+14
30.3238,1.5744e+14
30.3825,1.66263e+14
30.4414,1.73106e+14
30.5002,1.82408e+14
30.5592,1.90654e+14
30.6182,2.02332e+14
30.6772,2.15124e+14
30.7363,2.25881e+14
30.7955,2.38384e+14
30.8547,2.53088e+14
30.914,2.70132e+14
30.9733,2.87031e+14
31.0327,3.04223e+14
31.0922,3.21099e+14
31.1517,3.42525e+14
31.2112,3.63081e+14
31.2709,3.87336e+14
31.3305,4.107e+14
31.3903,4.33403e+14
31.4501,4.47834e+14
31.5099,4.79702e+14
31.5698,5.03596e+14
31.6298,5.20231e+14
31.6898,5.35183e+14
31.7499,5.55745e+14
31.81,5.72675e+14
31.8702,5.7516e+14
31.9304,5.75088e+14
31.9907,5.76049e+14
32.0511,5.73386e+14
32.1115,5.58898e+14
32.172,5.52446e+14
32.2325,5.30483e+14
32.2931,5.10463e+14
32.3538,4.92749e+14
32.4145,4.4887e+14
32.4752,4.31978e+14
32.536,3.99214e+14
32.5969,3.67553e+14
32.6578,3.39734e+14
32.7188,3.18299e+14
32.7799,2.8854e+14
32.841,2.62671e+14
32.9021,2.4042e+14
32.9633,2.18795e+14
33.0246,1.98553e+14
33.0859,1.79074e+14
33.1473,1.615e+14
33.2088,1.47341e+14
33.2703,1.3397e+14
33.3318,1.21622e+14
33.3934,1.10177e+14
33.4551,1.00631e+14
33.5168,9.21032e+13
33.5786,8.27543e+13
33.6404,7.66397e+13
33.7023,6.92793e+13
33.7643,6.36921e+13
33.8263,5.76274e+13
33.8884,5.36042e+13
33.9505,4.91494e+13
34.0127,4.51851e+13
34.0749,4.18182e+13
34.1372,3.86122e+13
34.1995,3.58441e+13
34.262,3.30895e+13
34.3244,3.09597e+13
34.3869,2.86823e+13
34.4495,2.68647e+13
34.5122,2.51301e+13
34.5748,2.35125e+13
34.6376,2.20898e+13
34.7004,2.0752e+13
34.7633,1.96391e+13
34.8262,1.84943e+13
34.8892,1.75419e+13
34.9522,1.66229e+13
35.0153,1.58024e+13
35.0784,1.49932e+13
35.1416,1.43612e+13
35.2049,1.36787e+13
35.2682,1.31174e+13
35.3316,1.25887e+13
35.395,1.20943e+13
35.4585,1.16168e+13
35.5221,1.12264e+13
35.5857,1.08737e+13
35.6493,1.05275e+13
35.713,1.01641e+13
35.7768,9.93392e+12
35.8406,9.64859e+12
35.9045,9.4294e+12
35.9685,9.18704e+12
36.0325,9.01879e+12
36.0965,8.83701e+12
36.1606,8.68602e+12
36.2248,8.54817e+12
36.289,8.44521e+12
36.3533,8.33412e+12
36.4177,8.24412e+12
36.4821,8.19022e+12
36.5465,8.14957e+12
36.611,8.06771e+12
36.6756,8.09305e+12
36.7402,8.07092e+12
36.8049,8.09517e+12
36.8697,8.13509e+12
36.9345,8.17088e+12
36.9993,8.24133e+12
37.0642,8.29357e+12
37.1292,8.39794e+12
37.1942,8.50048e+12
37.2593,8.62412e+12
37.3244,8.78362e+12
37.3896,8.94029e+12
37.4549,9.11649e+12
37.5202,9.33743e+12
37.5856,9.5874e+12
37.651,9.84281e+12
37.7165,1.01417e+13
37.782,1.04683e+13
37.8476,1.08248e+13
37.9132,1.12043e+13
37.979,1.16279e+13
38.0447,1.21158e+13
38.1105,1.26336e+13
38.1764,1.32138e+13
38.2423,1.38605e+13
38.3083,1.45696e+13
38.3744,1.52588e+13
38.4405,1.61407e+13
38.5067,1.71032e+13
38.5729,1.80558e+13
38.6392,1.92167e+13
38.7055,2.04314e+13
38.7719,2.18135e+13
38.8383,2.34823e+13
38.9048,2.51131e+13
38.9714,2.70984e+13
39.038,2.92551e+13
39.1047,3.17588e+13
39.1714,3.44336e+13
39.2382,3.76433e+13
39.305,4.10063e+13
39.3719,4.5009e+13
39.4389,4.94553e+13
39.5059,5.49567e+13
39.573,6.11441e+13
39.6401,6.80116e+13
39.7073,7.60389e+13
39.7746,8.64409e+13
39.8419,9.74376e+13
39.9092,1.10787e+14
39.9766,1.26049e+14
40.0441,1.45185e+14
40.1116,1.67115e+14
40.1792,1.96577e+14
40.2469,2.32094e+14
40.3146,2.77365e+14
40.3823,3.23353e+14
40.4501,3.9319e+14
40.518,4.6934e+14
40.5859,5.70296e+14
40.6539,6.74067e+14
40.7219,7.84926e+14
40.79,9.27604e+14
40.8582,1.03346e+15
40.9264,1.10851e+15
40.9947,1.10988e+15
41.063,1.06614e+15
41.1314,1.00439e+15
41.1998,8.86875e+14
41.2683,7.93389e+14
41.3369,6.88272e+14
41.4055,6.07497e+14
41.4741,5.26564e+14
41.5429,4.71152e+14
41.6116,4.23276e+14
41.6805,3.75662e+14
41.7494,3.37721e+14
41.8183,3.06938e+14
41.8873,2.82246e+14
41.9564,2.60873e+14
42.0255,2.39342e+14
42.0947,2.26001e+14
42.1639,2.12269e+14
42.2332,1.99946e+14
42.3026,1.90806e+14
42.372,1.82532e+14
42.4414,1.75135e+14
42.5109,1.70296e+14
42.5805,1.64526e+14
42.6502,1.60994e+14
42.7198,1.58911e+14
42.7896,1.54071e+14
42.8594,1.50899e+14
42.9293,1.51123e+14
42.9992,1.51317e+14
43.0691,1.50258e+14
43.1392,1.49699e+14
43.2093,1.5041e+14
43.2794,1.5154e+14
43.3496,1.53867e+14
43.4199,1.55976e+14
43.4902,1.59526e+14
43.5606,1.63164e+14
43.631,1.68023e+14
43.7015,1.7464e+14
43.772,1.80748e+14
43.8426,1.88436e+14
43.9133,1.92143e+14
43.984,2.00773e+14
44.0548,2.10625e+14
44.1256,2.22423e+14
44.1965,2.36064e+14
44.2674,2.45835e+14
44.3384,2.65675e+14
44.4095,2.83471e+14
44.4806,3.04463e+14
44.5517,3.29921e+14
44.623,3.57559e+14
44.6943,3.82025e+14
44.7656,4.14164e+14
44.837,4.59736e+14
44.9084,4.96129e+14
44.98,5.60791e+14
45.0515,6.07777e+14
45.1231,6.59161e+14
45.1948,7.54393e+14
45.2666,8.38205e+14
45.3384,9.41873e+14
45.4102,1.02703e+15
45.4821,1.16172e+15
45.5541,1.3388e+15
45.6261,1.42798e+15
45.6982,1.56853e+15
45.7703,1.71137e+15
45.8425,1.83734e+15
45.9148,1.9552e+15
45.9871,2.00163e+15
46.0594,2.05186e+15
46.1319,2.08599e+15
46.2043,1.90155e+15
46.2769,1.86164e+15
46.3495,1.73439e+15
46.4221,1.63549e+15
46.4948,1.4459e+15
46.5676,1.38702e+15
46.6404,1.26291e+15
46.7133,1.13143e+15
46.7862,1.01968e+15
46.8592,9.41595e+14
46.9322,8.52471e+14
47.0053,7.79811e+14
47.0785,7.10672e+14
47.1517,6.4337e+14
47.225,5.86436e+14
47.2983,5.49261e+14
47.3717,4.97832e+14
47.4452,4.53411e+14
47.5187,4.17876e+14
47.5922,3.87302e+14
47.6658,3.53152e+14
47.7395,3.26159e+14
47.8132,3.00537e+14
47.887,2.76291e+14
47.9609,2.55942e+14
48.0348,2.3662e+14
48.1087,2.1835e+14
48.1827,2.02989e+14
48.2568,1.87803e+14
48.3309,1.7417e+14
48.4051,1.59862e+14
48.4794,1.48638e+14
48.5536,1.35657e+14
48.628,1.25877e+14
48.7024,1.16661e+14
48.7769,1.07315e+14
48.8514,9.90634e+13
48.926,9.17268e+13
49.0006,8.46683e+13
49.0753,7.8778e+13
49.1501,7.20633e+13
49.2249,6.71457e+13
49.2998,6.18146e+13
49.3747,5.71997e+13
49.4497,5.30878e+13
49.5247,4.90774e+13
49.5998,4.55144e+13
49.6749,4.23658e+13
49.7502,3.90838e+13
49.8254,3.61764e+13
49.9007,3.36918e+13
49.9761,3.12947e+13
50.0516,2.90075e+13
50.127,2.70162e+13
50.2026,2.51786e+13
50.2782,2.35706e+13
50.3539,2.1864e+13
50.4296,2.04164e+13
50.5054,1.91482e+13
50.5812,1.79829e+13
50.6571,1.67732e+13
50.733,1.58027e+13
50.809,1.4875e+13
50.8851,1.4024e+13
50.9612,1.31229e+13
51.0374,1.2422e+13
51.1136,1.17163e+13
51.1899,1.10963e+13
51.2663,1.05321e+13
51.3427,9.97232e+12
51.4191,9.50458e+12
51.4956,9.07009e+12
51.5722,8.61899e+12
51.6488,8.26339e+12
51.7255,7.89816e+12
51.8023,7.57157e+12
51.8791,7.27407e+12
51.9559,6.98182e+12
52.0328,6.73046e+12
52.1098,6.49397e+12
52.1868,6.28365e+12
52.2639,6.09642e+12
52.3411,5.89158e+12
52.4183,5.7369e+12
52.4955,5.56558e+12
52.5728,5.42001e+12
52.6502,5.2926e+12
52.7276,5.21111e+12
52.8051,5.09195e+12
52.8827,4.99168e+12
52.9603,4.9394e+12
53.0379,4.86194e+12
53.1156,4.80084e+12
53.1934,4.76216e+12
53.2712,4.69755e+12
53.3491,4.67553e+12
53.427,4.6564e+12
53.505,4.63069e+12
53.5831,4.62213e+12
53.6612,4.63009e+12
53.7394,4.63524e+12
53.8176,4.6434e+12
53.8959,4.66746e+12
53.9742,4.72235e+12
54.0526,4.75716e+12
54.1311,4.81493e+12
54.2096,4.86924e+12
54.2881,4.94656e+12
54.3667,5.03264e+12
54.4454,5.11515e+12
54.5242,5.22094e+12
54.603,5.33488e+12
54.6818,5.4632e+12
54.7607,5.59876e+12
54.8397,5.74829e+12
54.9187,5.90521e+12
54.9978,6.08923e+12
55.0769,6.28517e+12
55.1561,6.48789e+12
55.2353,6.72554e+12
55.3146,6.97471e+12
55.394,7.22735e+12
55.4734,7.52316e+12
55.5529,7.83836e+12
55.6324,8.14769e+12
55.712,8.52187e+12
55.7917,8.91749e+12
55.8714,9.31641e+12
55.9511,9.785e+12
56.0309,1.0219e+13
56.1108,1.07366e+13
56.1907,1.12811e+13
56.2707,1.18872e+13
56.3508,1.2448e+13
56.4309,1.31538e+13
56.511,1.38462e+13
56.5912,1.45639e+13
56.6715,1.53565e+13
56.7518,1.62015e+13
56.8322,1.70727e+13
56.9127,1.80482e+13
56.9932,1.90194e+13
57.0737,2.00602e+13
57.1543,2.10992e+13
57.235,2.22708e+13
57.3157,2.35138e+13
57.3965,2.46284e+13
57.4774,2.59779e+13
57.5583,2.73267e+13
57.6392,2.86095e+13
57.7202,3.00944e+13
57.8013,3.15483e+13
57.8824,3.31397e+13
57.9636,3.45466e+13
58.0448,3.61672e+13
58.1261,3.7723e+13
58.2075,3.93527e+13
58.2889,4.10824e+13
58.3704,4.27311e+13
58.4519,4.42685e+13
58.5335,4.60882e+13
58.6151,4.765e+13
58.6968,4.93796e+13
58.7785,5.11536e+13
58.8603,5.30619e+13
58.9422,5.43584e+13
59.0241,5.6571e+13
59.1061,5.80691e+13
59.1881,5.98498e+13
59.2702,6.14395e+13
59.3524,6.33289e+13
59.4346,6.52329e+13
59.5168,6.71681e+13
59.5992,6.87042e+13
59.6815,7.10213e+13
59.764,7.25739e+13
59.8465,7.45574e+13
59.929,7.68603e+13
60.0116,7.85434e+13
60.0943,8.09123e+13
60.177,8.33629e+13
60.2598,8.59762e+13
60.3426,8.8113e+13
60.4255,8.99547e+13
60.5084,9.37732e+13
60.5914,9.54265e+13
60.6745,9.9e+13
60.7576,1.02484e+14
60.8408,1.05179e+14
60.924,1.08727e+14
61.0073,1.12039e+14
61.0906,1.15821e+14
61.174,1.21066e+14
61.2575,1.24083e+14
61.341,1.28632e+14
61.4246,1.34293e+14
61.5082,1.40531e+14
61.5919,1.44436e+14
61.6756,1.51561e+14
61.7594,1.57515e+14
61.8433,1.63608e+14
61.9272,1.70225e+14
62.0112,1.77961e+14
62.0952,1.84637e+14
62.1793,1.93907e+14
62.2634,2.01131e+14
62.3476,2.13021e+14
62.4319,2.21265e+14
62.5162,2.32573e+14
62.6006,2.44269e+14
62.685,2.5229e+14
62.7695,2.64358e+14
62.854,2.76925e+14
62.9386,2.92217e+14
63.0232,3.0406e+14
63.1079,3.1631e+14
63.1927,3.30666e+14
63.2775,3.43526e+14
63.3624,3.55944e+14
63.4474,3.72812e+14
63.5323,3.87447e+14
63.6174,4.01391e+14
63.7025,4.17995e+14
63.7877,4.30167e+14
63.8729,4.51627e+14
63.9582,4.69398e+14
64.0435,4.78911e+14
64.1289,5.0392e+14
64.2143,5.18269e+14
64.2998,5.31033e+14
64.3854,5.46566e+14
64.471,5.65323e+14
64.5567,5.83228e+14
64.6424,5.9378e+14
64.7282,6.16426e+14
64.8141,6.32602e+14
64.9,6.46517e+14
64.9859,6.74771e+14
65.0719,6.91714e+14
65.158,6.961e+14
65.2442,7.11074e+14
65.3303,7.40713e+14
65.4166,7.48786e+14
65.5029,7.68055e+14
65.5892,7.74906e+14
65.6757,8.10579e+14
65.7621,8.18866e+14
65.8487,8.34608e+14
65.9352,8.37537e+14
66.0219,8.56433e+14
66.1086,8.64384e+14
66.1953,8.7366e+14
66.2822,8.82139e+14
66.369,8.72721e+14
66.456,8.87848e+14
66.5429,9.05529e+14
66.63,8.84179e+14
66.7171,8.94505e+14
66.8042,8.79024e+14
66.8915,8.69379e+14
66.9787,8.59619e+14
67.066,8.47735e+14
67.1534,8.18363e+14
67.2409,8.12274e+14
67.3284,7.69357e+14
67.4159,7.32935e+14
67.5035,7.02466e+14
67.5912,6.6413e+14
67.6789,6.3459e+14
67.7667,5.936e+14
67.8545,5.48382e+14
67.9424,5.16666e+14
68.0304,4.73058e+14
68.1184,4.42765e+14
68.2065,4.04881e+14
68.2946,3.67623e+14
68.3828,3.34517e+14
68.471,3.09037e+14
68.5593,2.76855e+14
68.6476,2.53161e+14
68.736,2.26277e+14
68.8245,2.04769e+14
68.913,1.84829e+14
69.0016,1.66568e+14
69.0902,1.50263e+14
69.1789,1.34907e+14
69.2677,1.21817e+14
69.3565,1.09635e+14
69.4453,9.83518e+13
69.5343,8.91917e+13
69.6232,8.03769e+13
69.7123,7.2626e+13
69.8014,6.58279e+13
69.8905,5.95587e+13
69.9797,5.37109e+13
70.069,4.90198e+13
70.1583,4.42849e+13
70.2477,4.03739e+13
70.3371,3.68421e+13
70.4266,3.35458e+13
70.5161,3.0667e+13
70.6057,2.80703e+13
70.6954,2.56963e+13
70.7851,2.36312e+13
70.8749,2.16398e+13
70.9647,1.99877e+13
71.0546,1.84669e+13
71.1445,1.702e+13
71.2345,1.57491e+13
71.3246,1.46373e+13
71.4147,1.35872e+13
71.5049,1.26517e+13
71.5951,1.17258e+13
71.6854,1.09757e+13
71.7757,1.02671e+13
71.8661,9.61568e+12
71.9566,9.02124e+12
72.0471,8.47317e+12
72.1376,7.98844e+12
72.2283,7.53503e+12
72.3189,7.11128e+12
72.4097,6.74163e+12
72.5005,6.38726e+12
72.5913,6.06185e+12
72.6822,5.77031e+12
72.7732,5.50176e+12
72.8642,5.26144e+12
72.9553,5.03456e+12
73.0465,4.80889e+12
73.1376,4.63307e+12
73.2289,4.44854e+12
73.3202,4.2788e+12
73.4116,4.13303e+12
73.503,3.99463e+12
73.5945,3.85864e+12
73.686,3.73992e+12
73.7776,3.62052e+12
73.8692,3.51446e+12
73.961,3.40728e+12
74.0527,3.30005e+12
74.1445,3.20301e+12
74.2364,3.09642e+12
74.3283,2.99167e+12
74.4203,2.88222e+12
74.5124,2.75872e+12
74.6045,2.62036e+12
74.6967,2.46965e+12
74.7889,2.30111e+12
74.8811,2.11248e+12
74.9735,1.90146e+12
75.0659,1.67409e+12
75.1583,1.43206e+12
75.2508,1.18861e+12
75.3434,9.56148e+11
75.436,7.43228e+11
75.5287,5.58176e+11
75.6214,4.06999e+11
75.7142,2.88481e+11
75.807,1.99796e+11
75.8999,1.35635e+11
75.9929,9.06526e+10
76.0859,5.98286e+10
76.179,3.91401e+10
76.2721,2.54027e+10
76.3653,1.64179e+10
76.4585,1.05632e+10
76.5518,6.78619e+09
76.6452,4.3494e+09
76.7386,2.7885e+09
76.8321,1.78593e+09
76.9256,1.14539e+09
77.0192,7.34326e+08
77.1128,4.71808e+08
77.2065,3.03166e+08
77.3003,1.95297e+08
77.3941,1.25858e+08
77.4879,8.13344e+07
77.5819,5.25897e+07
77.6758,3.41043e+07
77.7699,2.213e+07
77.864,1.44038e+07
77.9581,9.38124e+06
78.0523,6.12895e+06
78.1466,4.00689e+06
78.2409,2.62776e+06
78.3353,1.72451e+06
78.4297,1.13528e+06
78.5242,747902
78.6188,494250
78.7134,326853
78.8081,216826
78.9028,143940
78.9976,95850.8
79.0924,63873.8
79.1873,42695.8
79.2822,28560.6
79.3772,19163.3
79.4723,12867.8
79.5674,8666.5
79.6626,5841.49
79.7578,3949.06
79.8531,2671.89
79.9485,1813.07
80.0439,1231.35
80.1393,838.691
80.2349,571.758
80.3304,390.888
80.4261,267.488
80.5217,183.555
80.6175,126.085
80.7133,86.8448
80.8092,59.8809
80.9051,41.3992
81.001,28.6541
81.0971,19.8846
81.1932,13.8156
81.2893,9.62336
81.3855,6.71184
81.4818,4.69284
81.5781,3.28564
81.6744,2.30598
81.7709,1.62077
81.8674,1.14184
81.9639,0.805672
82.0605,0.569774
82.1572,0.403605
82.2539,0.286527
82.3506,0.203765
82.4475,0.145216
82.5443,0.103681
82.6413,0.0741785
82.7383,0.0531746
82.8353,0.0381936
82.9324,0.0274897
83.0296,0.019823
83.1268,0.0143252
83.2241,0.0103707
83.3215,0.0075248
83.4189,0.00546936
83.5163,0.00398502
83.6138,0.00290853
83.7114,0.00212828
83.809,0.00155982
83.9067,0.0011461
84.0044,0.00084322
84.1022,0.000621935
84.2001,0.000459303
84.298,0.000340186
84.3959,0.000252391
84.494,0.000187911
84.592,0.000140151
84.6902,0.00010485
84.7884,7.84757e-05
84.8866,5.88334e-05
84.9849,4.40854e-05
85.0833,3.3115e-05
85.1817,2.49273e-05
85.2802,1.88873e-05
85.3787,1.43876e-05
85.4773,1.10308e-05
85.5759,8.45718e-06
85.6746,6.46414e-06
85.7734,4.89214e-06
85.8722,3.67709e-06
85.9711,2.7585e-06
86.07,2.10118e-06
86.169,1.64379e-06
86.2681,1.32786e-06
86.3672,1.08691e-06
86.4663,8.77976e-07
86.5655,6.77349e-07
86.6648,4.90782e-07
86.7641,3.34535e-07
86.8635,2.27881e-07
86.963,1.75385e-07
87.0625,1.66435e-07
87.162,1.768e-07
87.2616,1.81346e-07
87.3613,1.63407e-07
87.461,1.22535e-07
87.5608,7.16782e-08
87.6607,3.06167e-08
87.7606,1.47404e-08
87.8605,2.81356e-08
87.9605,6.18129e-08
88.0606,9.87702e-08
88.1607,1.22561e-07
88.2609,1.25403e-07
88.3611,1.11285e-07
88.4614,9.3847e-08
88.5618,8.90949e-08
88.6622,1.07761e-07
88.7627,1.50515e-07
88.8632,2.08204e-07
88.9638,2.67229e-07
89.0644,3.1681e-07
89.1651,3.54625e-07
89.2659,3.88472e-07
89.3667,4.32606e-07
89.4675,5.01402e-07
89.5685,6.03226e-07
89.6694,7.37456e-07
89.7705,8.96552e-07
89.8716,1.07157e-06
89.9727,1.25861e-06
90.0739,1.46318e-06
90.1752,1.69985e-06
90.2765,1.9882e-06
90.3779,2.34666e-06
90.4793,2.78766e-06
90.5808,3.3168e-06
90.6823,3.93637e-06
90.784,4.65162e-06
90.8856,5.47715e-06
90.9873,6.43983e-06
91.0891,7.57763e-06
91.1909,8.93491e-06
91.2928,1.05569e-05
91.3948,1.24869e-05
91.4968,1.47685e-05
91.5988,1.7451e-05
91.701,2.05989e-05
91.8031,2.4298e-05
91.9054,2.86592e-05
92.0077,3.38175e-05
92.11,3.99282e-05
92.2124,4.71648e-05
92.3149,5.57214e-05
92.4174,6.5821e-05
92.5199,7.77292e-05
92.6226,9.1769e-05
92.7253,0.000108334
92.828,0.000127898
92.9308,0.000151021
93.0337,0.000178355
93.1366,0.000210656
93.2395,0.000248808
93.3426,0.00029385
93.4456,0.000347015
93.5488,0.000409777
93.652,0.000483888
93.7552,0.000571421
93.8586,0.00067482
93.9619,0.00079695
94.0653,0.000941174
94.1688,0.00111145
94.2724,0.00131244
94.376,0.00154967
94.4796,0.00182965
94.5833,0.00216007
94.6871,0.00254996
94.7909,0.00300993
94.8948,0.00355241
94.9987,0.00419192
95.1027,0.0049455
95.2068,0.00583304
95.3109,0.00687777
95.4151,0.00810675
95.5193,0.00955136
95.6236,0.0112478
95.7279,0.0132379
95.8323,0.0155691
95.9367,0.0182958
96.0412,0.0214791
96.1458,0.0251878
96.2504,0.029498
96.3551,0.0344928
96.4598,0.040262
96.5646,0.0469001
96.6695,0.0545042
96.7744,0.0631709
96.8793,0.072992
96.9844,0.084049
97.0894,0.0964065
97.1946,0.110105
97.2998,0.125154
97.405,0.141522
97.5103,0.159135
97.6157,0.177867
97.7211,0.197547
97.8265,0.217956
97.9321,0.238842
98.0377,0.259927
98.1433,0.280923
98.249,0.301551
98.3548,0.321553
98.4606,0.340706
98.5665,0.358832
98.6724,0.375803
98.7784,0.391543
98.8844,0.406024
98.9905,0.419263
99.0967,0.431311
99.2029,0.442251
99.3091,0.452187
99.4155,0.461238
99.5219,0.469536
99.6283,0.477218
99.7348,0.484424
99.8414,0.491297
99.948,0.49798
100.055,0.504615
100.161,0.511347
100.268,0.518317
100.375,0.525667
100.482,0.53354
100.589,0.542075
100.696,0.551408
100.803,0.561668
100.91,0.572971
101.017,0.585418
101.124,0.599085
101.232,0.614015
101.339,0.630216
101.446,0.647644
101.554,0.666207
101.661,0.685759
101.769,0.7061
101.877,0.726987
101.984,0.748142
102.092,0.76927
102.2,0.790072
102.308,0.810269
102.416,0.829611
102.524,0.847895
102.632,0.864967
102.74,0.880726
102.848,0.895124
102.956,0.908157
103.064,0.919859
103.173,0.930292
103.281,0.939537
103.39,0.94769
103.498,0.95485
103.607,0.961118
103.715,0.966591
103.824,0.97136
103.933,0.975509
104.041,0.979114
104.15,0.982242
104.259,0.984951
104.368,0.987294
104.477,0.989316
104.586,0.991056
104.695,0.992549
104.804,0.993824
104.914,0.994907
105.023,0.995822
105.132,0.99659
105.242,0.997229
105.351,0.997757
105.461,0.998188
105.57,0.998536
105.68,0.998814
105.789,0.999032
105.899,0.999199
106.009,0.999323
106.119,0.99941
106.229,0.999466
106.339,0.999495
106.449,0.999502
106.559,0.99949
106.669,0.999463
106.779,0.999423
106.889,0.999376
107,0.999326
107.11,0.999278
107.221,0.999239
107.331,0.999214
107.442,0.999209
107.552,0.999227
107.663,0.99927
107.773,0.999337
107.884,0.999426
107.995,0.999529
108.106,0.999638
108.217,0.99974
108.328,0.999822
108.439,0.999867
108.55,0.999861
108.661,0.999793
108.772,0.999656
108.884,0.99945
108.995,0.999183
109.106,0.998868
109.218,0.998527
109.329,0.998188
109.441,0.997882
109.553,0.997645
109.664,0.997508
109.776,0.997497
109.888,0.997624
110,0.997885
110.111,0.998257
110.223,0.998699
110.335,0.999151
110.448,0.999541
110.56,0.999785
110.672,0.999795
110.784,0.99949
110.896,0.998803
111.009,0.997698
111.121,0.996182
111.234,0.994306
111.346,0.992171
111.459,0.989917
111.571,0.98772
111.684,0.985769
111.797,0.984262
111.91,0.983379
112.023,0.983269
112.135,0.984018
112.248,0.985633
112.361,0.988007
112.475,0.990925
112.588,0.994047
112.701,0.996939
112.814,0.999088
112.928,0.99996
113.041,0.999042
113.154,0.995924
113.268,0.990358
113.381,0.982336
113.495,0.972118
113.609,0.960254
113.722,0.947535
113.836,0.934923
113.95,0.923437
114.064,0.914056
114.178,0.907621
114.292,0.904816
114.406,0.906143
114.52,0.911929
114.634,0.92221
114.748,0.936561
114.863,0.95381
114.977,0.971859
115.091,0.987683
115.206,0.997705
115.32,0.998399
115.435,0.987056
115.55,0.962355
115.664,0.9247
115.779,0.876218
115.894,0.820608
116.009,0.762687
116.124,0.707714
116.239,0.660243
116.354,0.622913
116.469,0.595796
116.584,0.577288
116.699,0.566411
116.814,0.565574
116.93,0.581253
117.045,0.620754
117.16,0.685681
117.276,0.766034
117.392,0.839162
117.507,0.877698
117.623,0.861825
117.738,0.789468
117.854,0.678309
117.97,0.553713
118.086,0.439579
118.202,0.346689
118.318,0.276676
118.434,0.235112
118.55,0.222451
118.666,0.233715
118.782,0.25816
118.899,0.260769
119.015,0.232303
119.131,0.248202
119.248,0.308074
